<?xml version="1.0" encoding="UTF-8"?>
<project-private xmlns="http://www.netbeans.org/ns/project-private/1">
    <editor-bookmarks xmlns="http://www.netbeans.org/ns/editor-bookmarks/2" lastBookmarkId="0"/>
    <open-files xmlns="http://www.netbeans.org/ns/projectui-open-files/2">
        <group>
            <file>file:/D:/ENTREGA%20FASE%203%20pcalito-rcuyan/in5bv-control-academico-pablo-calito-ruddy-cuyan/src/org/in5bv/pablocalitoruddycuyan/controllers/CarrerasTecnicasController.java</file>
            <file>file:/D:/ENTREGA%20FASE%203%20pcalito-rcuyan/in5bv-control-academico-pablo-calito-ruddy-cuyan/src/org/in5bv/pablocalitoruddycuyan/system/Principal.java</file>
            <file>file:/D:/ENTREGA%20FASE%203%20pcalito-rcuyan/in5bv-control-academico-pablo-calito-ruddy-cuyan/src/org/in5bv/pablocalitoruddycuyan/controllers/AlumnosController.java</file>
            <file>file:/D:/ENTREGA%20FASE%203%20pcalito-rcuyan/in5bv-control-academico-pablo-calito-ruddy-cuyan/src/org/in5bv/pablocalitoruddycuyan/controllers/SalonesController.java</file>
        </group>
    </open-files>
</project-private>
